"ExperimentId","GeneratedAtUtc","ScenarioId","ParameterGroup","ParameterName","Direction","Multiplier","BaselineParameterValues","TestedParameterValues","StaticSeed","DynamicSeedBase","StaticProfileCount","StaticExplicitThemeCount","StaticFallbackCount","StaticFallbackRate","StaticThemeSemanticSeparation","DeltaStaticThemeSemanticSeparation","StaticTopSlotDifference","DeltaStaticTopSlotDifference","StaticThemeChangesVsBaseline","StaticTopSlotChangesVsBaseline","DynamicNodeCount","DynamicThemeHitCount","DynamicThemeHitRate","DynamicTransitionNodeCount","DynamicTransitionHitCount","DynamicTransitionHitRate","DynamicFallbackCount","DynamicThemeChangesVsBaseline","DecayAuditRecordCount","DecayCorrectRecordCount","DecayCorrectness"
"PCG_VFX_OAT_Sensitivity_20260826_153906","2026-08-26T15:39:06.2831112Z","Baseline","Baseline","No parameter change","Baseline","1","Unmodified final configuration","Unmodified final configuration","99","99","12","5","6","0.5","0.443694","0","0.848485","0","0","0","7","5","0.714286","3","1","0.333333","0","0","25","25","1"
"PCG_VFX_OAT_Sensitivity_20260826_153906","2026-08-26T15:39:06.2831112Z","WeaponChoiceShareWeight_Minus10Percent","Weapon slot score weights","WeaponChoiceShareWeight","Minus10Percent","0.9","WeaponChoiceShareWeight=0.55; WeaponUseRateWeight=0.3; WeaponInvestmentShareWeight=0.15","WeaponChoiceShareWeight=0.52381; WeaponUseRateWeight=0.31746; WeaponInvestmentShareWeight=0.15873","99","99","12","5","6","0.5","0.443387","-0.000306","0.848485","0","0","0","7","5","0.714286","3","1","0.333333","0","0","25","25","1"
"PCG_VFX_OAT_Sensitivity_20260826_153906","2026-08-26T15:39:06.2831112Z","WeaponChoiceShareWeight_Plus10Percent","Weapon slot score weights","WeaponChoiceShareWeight","Plus10Percent","1.1","WeaponChoiceShareWeight=0.55; WeaponUseRateWeight=0.3; WeaponInvestmentShareWeight=0.15","WeaponChoiceShareWeight=0.57346; WeaponUseRateWeight=0.28436; WeaponInvestmentShareWeight=0.14218","99","99","12","5","6","0.5","0.443981","0.000288","0.848485","0","0","0","7","5","0.714286","3","1","0.333333","0","0","25","25","1"
"PCG_VFX_OAT_Sensitivity_20260826_153906","2026-08-26T15:39:06.2831112Z","WeaponUseRateWeight_Minus10Percent","Weapon slot score weights","WeaponUseRateWeight","Minus10Percent","0.9","WeaponChoiceShareWeight=0.55; WeaponUseRateWeight=0.3; WeaponInvestmentShareWeight=0.15","WeaponChoiceShareWeight=0.56701; WeaponUseRateWeight=0.278351; WeaponInvestmentShareWeight=0.154639","99","99","12","5","6","0.5","0.444075","0.000381","0.848485","0","0","0","7","5","0.714286","3","1","0.333333","0","0","25","25","1"
"PCG_VFX_OAT_Sensitivity_20260826_153906","2026-08-26T15:39:06.2831112Z","WeaponUseRateWeight_Plus10Percent","Weapon slot score weights","WeaponUseRateWeight","Plus10Percent","1.1","WeaponChoiceShareWeight=0.55; WeaponUseRateWeight=0.3; WeaponInvestmentShareWeight=0.15","WeaponChoiceShareWeight=0.533981; WeaponUseRateWeight=0.320388; WeaponInvestmentShareWeight=0.145631","99","99","12","5","6","0.5","0.443356","-0.000338","0.848485","0","0","0","7","5","0.714286","3","1","0.333333","0","0","25","25","1"
"PCG_VFX_OAT_Sensitivity_20260826_153906","2026-08-26T15:39:06.2831112Z","WeaponInvestmentShareWeight_Minus10Percent","Weapon slot score weights","WeaponInvestmentShareWeight","Minus10Percent","0.9","WeaponChoiceShareWeight=0.55; WeaponUseRateWeight=0.3; WeaponInvestmentShareWeight=0.15","WeaponChoiceShareWeight=0.558376; WeaponUseRateWeight=0.304569; WeaponInvestmentShareWeight=0.137056","99","99","12","5","6","0.5","0.443632","-0.000062","0.848485","0","0","0","7","5","0.714286","3","1","0.333333","0","0","25","25","1"
"PCG_VFX_OAT_Sensitivity_20260826_153906","2026-08-26T15:39:06.2831112Z","WeaponInvestmentShareWeight_Plus10Percent","Weapon slot score weights","WeaponInvestmentShareWeight","Plus10Percent","1.1","WeaponChoiceShareWeight=0.55; WeaponUseRateWeight=0.3; WeaponInvestmentShareWeight=0.15","WeaponChoiceShareWeight=0.541872; WeaponUseRateWeight=0.295567; WeaponInvestmentShareWeight=0.162562","99","99","12","5","6","0.5","0.443755","0.000061","0.848485","0","0","0","7","5","0.714286","3","1","0.333333","0","0","25","25","1"
"PCG_VFX_OAT_Sensitivity_20260826_153906","2026-08-26T15:39:06.2831112Z","BossDifficultyWeight_Minus10Percent","Boss base-value weights","BossDifficultyWeight","Minus10Percent","0.9","BossDifficultyWeight=0.7; BossRarityWeight=0.3","BossDifficultyWeight=0.677419; BossRarityWeight=0.322581","99","99","12","5","6","0.5","0.443789","0.000095","0.848485","0","0","0","7","5","0.714286","3","1","0.333333","0","0","25","25","1"
"PCG_VFX_OAT_Sensitivity_20260826_153906","2026-08-26T15:39:06.2831112Z","BossDifficultyWeight_Plus10Percent","Boss base-value weights","BossDifficultyWeight","Plus10Percent","1.1","BossDifficultyWeight=0.7; BossRarityWeight=0.3","BossDifficultyWeight=0.719626; BossRarityWeight=0.280374","99","99","12","5","6","0.5","0.443612","-0.000082","0.848485","0","0","0","7","5","0.714286","3","1","0.333333","0","0","25","25","1"
"PCG_VFX_OAT_Sensitivity_20260826_153906","2026-08-26T15:39:06.2831112Z","BossRarityWeight_Minus10Percent","Boss base-value weights","BossRarityWeight","Minus10Percent","0.9","BossDifficultyWeight=0.7; BossRarityWeight=0.3","BossDifficultyWeight=0.72165; BossRarityWeight=0.278351","99","99","12","5","6","0.5","0.443603","-0.00009","0.848485","0","0","0","7","5","0.714286","3","1","0.333333","0","0","25","25","1"
"PCG_VFX_OAT_Sensitivity_20260826_153906","2026-08-26T15:39:06.2831112Z","BossRarityWeight_Plus10Percent","Boss base-value weights","BossRarityWeight","Plus10Percent","1.1","BossDifficultyWeight=0.7; BossRarityWeight=0.3","BossDifficultyWeight=0.679612; BossRarityWeight=0.320388","99","99","12","5","6","0.5","0.443779","0.000086","0.848485","0","0","0","7","5","0.714286","3","1","0.333333","0","0","25","25","1"
"PCG_VFX_OAT_Sensitivity_20260826_153906","2026-08-26T15:39:06.2831112Z","BossWinRateWeight_Minus10Percent","Boss performance weight","BossWinRateWeight","Minus10Percent","0.9","BossWinRateWeight=0.25","BossWinRateWeight=0.225","99","99","12","5","6","0.5","0.443795","0.000101","0.848485","0","0","0","7","5","0.714286","3","1","0.333333","0","0","25","25","1"
"PCG_VFX_OAT_Sensitivity_20260826_153906","2026-08-26T15:39:06.2831112Z","BossWinRateWeight_Plus10Percent","Boss performance weight","BossWinRateWeight","Plus10Percent","1.1","BossWinRateWeight=0.25","BossWinRateWeight=0.275","99","99","12","5","6","0.5","0.443588","-0.000105","0.848485","0","0","0","7","5","0.714286","3","1","0.333333","0","0","25","25","1"
"PCG_VFX_OAT_Sensitivity_20260826_153906","2026-08-26T15:39:06.2831112Z","RegionExplorationWeight_Minus10Percent","Region depth weights","RegionExplorationWeight","Minus10Percent","0.9","RegionExplorationWeight=0.6; RegionQuestWeight=0.4","RegionExplorationWeight=0.574468; RegionQuestWeight=0.425532","99","99","12","5","6","0.5","0.443699","0.000005","0.848485","0","0","0","7","5","0.714286","3","1","0.333333","0","0","25","25","1"
"PCG_VFX_OAT_Sensitivity_20260826_153906","2026-08-26T15:39:06.2831112Z","RegionExplorationWeight_Plus10Percent","Region depth weights","RegionExplorationWeight","Plus10Percent","1.1","RegionExplorationWeight=0.6; RegionQuestWeight=0.4","RegionExplorationWeight=0.622642; RegionQuestWeight=0.377359","99","99","12","5","6","0.5","0.443689","-0.000005","0.848485","0","0","0","7","5","0.714286","3","1","0.333333","0","0","25","25","1"
"PCG_VFX_OAT_Sensitivity_20260826_153906","2026-08-26T15:39:06.2831112Z","RegionQuestWeight_Minus10Percent","Region depth weights","RegionQuestWeight","Minus10Percent","0.9","RegionExplorationWeight=0.6; RegionQuestWeight=0.4","RegionExplorationWeight=0.625; RegionQuestWeight=0.375","99","99","12","5","6","0.5","0.443689","-0.000005","0.848485","0","0","0","7","5","0.714286","3","1","0.333333","0","0","25","25","1"
"PCG_VFX_OAT_Sensitivity_20260826_153906","2026-08-26T15:39:06.2831112Z","RegionQuestWeight_Plus10Percent","Region depth weights","RegionQuestWeight","Plus10Percent","1.1","RegionExplorationWeight=0.6; RegionQuestWeight=0.4","RegionExplorationWeight=0.576923; RegionQuestWeight=0.423077","99","99","12","5","6","0.5","0.443698","0.000005","0.848485","0","0","0","7","5","0.714286","3","1","0.333333","0","0","25","25","1"
"PCG_VFX_OAT_Sensitivity_20260826_153906","2026-08-26T15:39:06.2831112Z","RegionRecentVisitWeight_Minus10Percent","Region behaviour-score weights","RegionRecentVisitWeight","Minus10Percent","0.9","RegionRecentVisitWeight=0.4; RegionVisitRateWeight=0.25; RegionDepthWeight=0.35","RegionRecentVisitWeight=0.375; RegionVisitRateWeight=0.260417; RegionDepthWeight=0.364583","99","99","12","5","6","0.5","0.443693","-0.000001","0.848485","0","0","0","7","5","0.714286","3","1","0.333333","0","0","25","25","1"
"PCG_VFX_OAT_Sensitivity_20260826_153906","2026-08-26T15:39:06.2831112Z","RegionRecentVisitWeight_Plus10Percent","Region behaviour-score weights","RegionRecentVisitWeight","Plus10Percent","1.1","RegionRecentVisitWeight=0.4; RegionVisitRateWeight=0.25; RegionDepthWeight=0.35","RegionRecentVisitWeight=0.423077; RegionVisitRateWeight=0.240385; RegionDepthWeight=0.336538","99","99","12","5","6","0.5","0.443695","0.000001","0.848485","0","0","0","7","5","0.714286","3","1","0.333333","0","0","25","25","1"
"PCG_VFX_OAT_Sensitivity_20260826_153906","2026-08-26T15:39:06.2831112Z","RegionVisitRateWeight_Minus10Percent","Region behaviour-score weights","RegionVisitRateWeight","Minus10Percent","0.9","RegionRecentVisitWeight=0.4; RegionVisitRateWeight=0.25; RegionDepthWeight=0.35","RegionRecentVisitWeight=0.410256; RegionVisitRateWeight=0.230769; RegionDepthWeight=0.358974","99","99","12","5","6","0.5","0.443695","0.000002","0.848485","0","0","0","7","5","0.714286","3","1","0.333333","0","0","25","25","1"
"PCG_VFX_OAT_Sensitivity_20260826_153906","2026-08-26T15:39:06.2831112Z","RegionVisitRateWeight_Plus10Percent","Region behaviour-score weights","RegionVisitRateWeight","Plus10Percent","1.1","RegionRecentVisitWeight=0.4; RegionVisitRateWeight=0.25; RegionDepthWeight=0.35","RegionRecentVisitWeight=0.390244; RegionVisitRateWeight=0.268293; RegionDepthWeight=0.341463","99","99","12","5","6","0.5","0.443692","-0.000002","0.848485","0","0","0","7","5","0.714286","3","1","0.333333","0","0","25","25","1"
"PCG_VFX_OAT_Sensitivity_20260826_153906","2026-08-26T15:39:06.2831112Z","RegionDepthWeight_Minus10Percent","Region behaviour-score weights","RegionDepthWeight","Minus10Percent","0.9","RegionRecentVisitWeight=0.4; RegionVisitRateWeight=0.25; RegionDepthWeight=0.35","RegionRecentVisitWeight=0.414508; RegionVisitRateWeight=0.259067; RegionDepthWeight=0.326425","99","99","12","5","6","0.5","0.443693","-0.000001","0.848485","0","0","0","7","5","0.714286","3","1","0.333333","0","0","25","25","1"
"PCG_VFX_OAT_Sensitivity_20260826_153906","2026-08-26T15:39:06.2831112Z","RegionDepthWeight_Plus10Percent","Region behaviour-score weights","RegionDepthWeight","Plus10Percent","1.1","RegionRecentVisitWeight=0.4; RegionVisitRateWeight=0.25; RegionDepthWeight=0.35","RegionRecentVisitWeight=0.386473; RegionVisitRateWeight=0.241546; RegionDepthWeight=0.371981","99","99","12","5","6","0.5","0.443694","0.000001","0.848485","0","0","0","7","5","0.714286","3","1","0.333333","0","0","25","25","1"
"PCG_VFX_OAT_Sensitivity_20260826_153906","2026-08-26T15:39:06.2831112Z","RegionEligibilityThreshold_Minus10Percent","Region eligibility threshold","RegionEligibilityThreshold","Minus10Percent","0.9","RegionEligibilityThreshold=0.8","RegionEligibilityThreshold=0.72","99","99","12","5","6","0.5","0.409017","-0.034676","0.848485","0","0","2","7","5","0.714286","3","1","0.333333","0","0","25","25","1"
"PCG_VFX_OAT_Sensitivity_20260826_153906","2026-08-26T15:39:06.2831112Z","RegionEligibilityThreshold_Plus10Percent","Region eligibility threshold","RegionEligibilityThreshold","Plus10Percent","1.1","RegionEligibilityThreshold=0.8","RegionEligibilityThreshold=0.88","99","99","12","4","8","0.666667","0.384183","-0.059511","0.747475","-0.10101","2","5","7","5","0.714286","3","1","0.333333","0","0","25","25","1"
"PCG_VFX_OAT_Sensitivity_20260826_153906","2026-08-26T15:39:06.2831112Z","WeaponHalfLifeDays_Minus10Percent","Weapon recency half-life","WeaponHalfLifeDays","Minus10Percent","0.9","WeaponHalfLifeDays=15","WeaponHalfLifeDays=13.5","99","99","12","5","6","0.5","0.443694","0","0.848485","0","0","0","7","5","0.714286","3","1","0.333333","0","0","25","25","1"
"PCG_VFX_OAT_Sensitivity_20260826_153906","2026-08-26T15:39:06.2831112Z","WeaponHalfLifeDays_Plus10Percent","Weapon recency half-life","WeaponHalfLifeDays","Plus10Percent","1.1","WeaponHalfLifeDays=15","WeaponHalfLifeDays=16.5","99","99","12","5","6","0.5","0.443694","0","0.848485","0","0","0","7","5","0.714286","3","1","0.333333","0","0","25","25","1"
"PCG_VFX_OAT_Sensitivity_20260826_153906","2026-08-26T15:39:06.2831112Z","BossRecencyHalfLifeDays_Minus10Percent","Boss recency half-life","BossRecencyHalfLifeDays","Minus10Percent","0.9","BossRecencyHalfLifeDays=4","BossRecencyHalfLifeDays=3.6","99","99","12","5","6","0.5","0.443694","0","0.848485","0","0","0","7","5","0.714286","3","1","0.333333","0","0","25","25","1"
"PCG_VFX_OAT_Sensitivity_20260826_153906","2026-08-26T15:39:06.2831112Z","BossRecencyHalfLifeDays_Plus10Percent","Boss recency half-life","BossRecencyHalfLifeDays","Plus10Percent","1.1","BossRecencyHalfLifeDays=4","BossRecencyHalfLifeDays=4.4","99","99","12","5","6","0.5","0.443694","0","0.848485","0","0","0","7","5","0.714286","3","1","0.333333","0","0","25","25","1"
"PCG_VFX_OAT_Sensitivity_20260826_153906","2026-08-26T15:39:06.2831112Z","RegionRecencyHalfLifeDays_Minus10Percent","Region recency half-life","RegionRecencyHalfLifeDays","Minus10Percent","0.9","RegionRecencyHalfLifeDays=20","RegionRecencyHalfLifeDays=18","99","99","12","5","6","0.5","0.443694","0","0.848485","0","0","0","7","5","0.714286","3","1","0.333333","0","0","25","25","1"
"PCG_VFX_OAT_Sensitivity_20260826_153906","2026-08-26T15:39:06.2831112Z","RegionRecencyHalfLifeDays_Plus10Percent","Region recency half-life","RegionRecencyHalfLifeDays","Plus10Percent","1.1","RegionRecencyHalfLifeDays=20","RegionRecencyHalfLifeDays=22","99","99","12","5","6","0.5","0.443694","0","0.848485","0","0","0","7","5","0.714286","3","1","0.333333","0","0","25","25","1"
"PCG_VFX_OAT_Sensitivity_20260826_153906","2026-08-26T15:39:06.2831112Z","Stage2WeaponSemanticWeight_Minus10Percent","Stage 2 semantic aggregation weights","Stage2WeaponSemanticWeight","Minus10Percent","0.9","Stage2WeaponSemanticWeight=0.25; Stage2BossSemanticWeight=0.25; Stage2RegionSemanticWeight=0.5","Stage2WeaponSemanticWeight=0.230769; Stage2BossSemanticWeight=0.25641; Stage2RegionSemanticWeight=0.512821","99","99","12","5","6","0.5","0.452376","0.008682","0.848485","0","0","0","7","5","0.714286","3","1","0.333333","0","0","25","25","1"
"PCG_VFX_OAT_Sensitivity_20260826_153906","2026-08-26T15:39:06.2831112Z","Stage2WeaponSemanticWeight_Plus10Percent","Stage 2 semantic aggregation weights","Stage2WeaponSemanticWeight","Plus10Percent","1.1","Stage2WeaponSemanticWeight=0.25; Stage2BossSemanticWeight=0.25; Stage2RegionSemanticWeight=0.5","Stage2WeaponSemanticWeight=0.268293; Stage2BossSemanticWeight=0.243902; Stage2RegionSemanticWeight=0.487805","99","99","12","5","6","0.5","0.435808","-0.007886","0.848485","0","0","0","7","5","0.714286","3","1","0.333333","0","0","25","25","1"
"PCG_VFX_OAT_Sensitivity_20260826_153906","2026-08-26T15:39:06.2831112Z","Stage2BossSemanticWeight_Minus10Percent","Stage 2 semantic aggregation weights","Stage2BossSemanticWeight","Minus10Percent","0.9","Stage2WeaponSemanticWeight=0.25; Stage2BossSemanticWeight=0.25; Stage2RegionSemanticWeight=0.5","Stage2WeaponSemanticWeight=0.25641; Stage2BossSemanticWeight=0.230769; Stage2RegionSemanticWeight=0.512821","99","99","12","5","6","0.5","0.443164","-0.00053","0.848485","0","0","0","7","5","0.714286","3","1","0.333333","0","0","25","25","1"
"PCG_VFX_OAT_Sensitivity_20260826_153906","2026-08-26T15:39:06.2831112Z","Stage2BossSemanticWeight_Plus10Percent","Stage 2 semantic aggregation weights","Stage2BossSemanticWeight","Plus10Percent","1.1","Stage2WeaponSemanticWeight=0.25; Stage2BossSemanticWeight=0.25; Stage2RegionSemanticWeight=0.5","Stage2WeaponSemanticWeight=0.243902; Stage2BossSemanticWeight=0.268293; Stage2RegionSemanticWeight=0.487805","99","99","12","5","6","0.5","0.444484","0.00079","0.848485","0","0","0","7","5","0.714286","3","1","0.333333","0","0","25","25","1"
"PCG_VFX_OAT_Sensitivity_20260826_153906","2026-08-26T15:39:06.2831112Z","Stage2RegionSemanticWeight_Minus10Percent","Stage 2 semantic aggregation weights","Stage2RegionSemanticWeight","Minus10Percent","0.9","Stage2WeaponSemanticWeight=0.25; Stage2BossSemanticWeight=0.25; Stage2RegionSemanticWeight=0.5","Stage2WeaponSemanticWeight=0.263158; Stage2BossSemanticWeight=0.263158; Stage2RegionSemanticWeight=0.473684","99","99","12","5","6","0.5","0.435659","-0.008035","0.848485","0","0","0","7","5","0.714286","3","1","0.333333","0","0","25","25","1"
"PCG_VFX_OAT_Sensitivity_20260826_153906","2026-08-26T15:39:06.2831112Z","Stage2RegionSemanticWeight_Plus10Percent","Stage 2 semantic aggregation weights","Stage2RegionSemanticWeight","Plus10Percent","1.1","Stage2WeaponSemanticWeight=0.25; Stage2BossSemanticWeight=0.25; Stage2RegionSemanticWeight=0.5","Stage2WeaponSemanticWeight=0.238095; Stage2BossSemanticWeight=0.238095; Stage2RegionSemanticWeight=0.52381","99","99","12","5","6","0.5","0.450887","0.007194","0.848485","0","0","0","7","5","0.714286","3","1","0.333333","0","0","25","25","1"
"PCG_VFX_OAT_Sensitivity_20260826_153906","2026-08-26T15:39:06.2831112Z","TrajectoryThemeTemporalSmoothingAlpha_Minus10Percent","Dynamic temporal smoothing","TrajectoryThemeTemporalSmoothingAlpha","Minus10Percent","0.9","TrajectoryThemeTemporalSmoothingAlpha=0.75","TrajectoryThemeTemporalSmoothingAlpha=0.675","99","99","12","5","6","0.5","0.443694","0","0.848485","0","0","0","7","5","0.714286","3","1","0.333333","0","0","25","25","1"
"PCG_VFX_OAT_Sensitivity_20260826_153906","2026-08-26T15:39:06.2831112Z","TrajectoryThemeTemporalSmoothingAlpha_Plus10Percent","Dynamic temporal smoothing","TrajectoryThemeTemporalSmoothingAlpha","Plus10Percent","1.1","TrajectoryThemeTemporalSmoothingAlpha=0.75","TrajectoryThemeTemporalSmoothingAlpha=0.825","99","99","12","5","6","0.5","0.443694","0","0.848485","0","0","0","7","5","0.714286","3","1","0.333333","2","2","25","25","1"
